,personId,timestamp,userName,sex,age,aloneHow,eatAlone,eatDate,eatTogether
0,0,10-6-2018 14:32:49,이영건,남자,24,집에서 음식을 해 먹는다.,볶음밥,파스타,
1,1,10-6-2018 15:18:04,성창민,남자,20,밖에서 사 먹는다.,덥밥,데이트안함,고기꾸어먹음
2,2,10-6-2018 15:19:56,윤혜진,여자,20,밖에서 사 먹는다.,알밥,파스타,떡볶이
3,3,10-6-2018 15:21:10,한상욱,남자,21,밖에서 사 먹는다.,제육덮밥,스테이크,막창구이
4,4,10-6-2018 15:21:55,황준원,남자,20,배달을 시킨다.,햄버거,양식(파스타),양 많은 것(닭갈비)
5,5,10-6-2018 15:23:09,김근하,남자,20,배달을 시킨다.,치킨,돈까스,치킨
6,6,10-6-2018 15:23:13,정진아,여자,22,밖에서 사 먹는다.,컵밥,파스타,파스타
7,7,10-6-2018 15:23:20,김태빈,남자,23,밖에서 사 먹는다.,볶음밥,,삼겹살
8,8,10-6-2018 15:24:06,김병무,남자,19,집에서 음식을 해 먹는다.,파스타,,치킨
9,9,10-6-2018 15:25:39,성유진,여자,20,집에서 음식을 해 먹는다.,즉석식품이나 라면,파스타..?,파스타
10,10,10-6-2018 15:25:42,임성근,남자,22,집에서 음식을 해 먹는다.,라면,파스타,제육
11,11,10-6-2018 15:26:07,김선혜,여자,22,밖에서 사 먹는다.,편의점,파스타,고기
12,12,10-6-2018 15:26:16,이병건,남자,22,집에서 음식을 해 먹는다.,계란후라이,한식,닭갈비
13,13,10-6-2018 15:26:27,정현기,남자,25,밖에서 사 먹는다.,라면,내 의지가 없어요,삼겹살 위드 소주
14,14,10-6-2018 15:28:05,모르오,밝히지않겠소,21,밖에서 사 먹는다.,샌드위치,파스타,라멘
15,15,10-6-2018 15:28:35,김현정,여자,19,밖에서 사 먹는다.,학식,파스타,돈부리
16,16,10-6-2018 15:28:56,김서현,여자,19,밖에서 사 먹는다.,찌개류,,고기
17,17,10-6-2018 15:29:09,박혁준,남자,26,밖에서 사 먹는다.,분식,파스타,삼겹살
18,18,10-6-2018 15:29:26,.,여자,20,밖에서 사 먹는다.,컵밥,파스타,분식
19,19,10-6-2018 15:29:45,루나,남자,30,밖에서 사 먹는다.,햄버거,양식,술안주
20,20,10-6-2018 15:29:48,곽재헌,남자,24,밖에서 사 먹는다.,김밥,병건이 미워,치킨
21,21,10-6-2018 15:29:53,기형선,남자,34,밖에서 사 먹는다.,참치회,피자,참치회
22,22,10-6-2018 15:30:02,권익준,남자,24,집에서 음식을 해 먹는다.,간장계란밥,파스타,스시
23,23,10-6-2018 15:30:37,이현지,여자,21,밖에서 사 먹는다.,찌개,감자탕,삼겹살
24,24,10-6-2018 15:30:51,안성진,남자,21,밖에서 사 먹는다.,컵밥,초밥,고기
25,25,10-6-2018 15:31:09,박한나,여자,22,집에서 음식을 해 먹는다.,라면,고기,떡볶이
26,26,10-6-2018 15:31:22,문종상,남자,37,배달을 시킨다.,한식류,양식류,고기
27,27,10-6-2018 15:31:55,이상빈,남자,32,배달을 시킨다.,피자,,치킨
28,28,10-6-2018 15:32:16,박원철,남자,23,배달을 시킨다.,떡볶이,ㅠㅠ...,떡볶이!
29,29,10-6-2018 15:32:27,안유석,남자,23,집에서 음식을 해 먹는다.,김밥,돈까스,치킨
30,30,10-6-2018 15:32:53,노정현,남자,39,밖에서 사 먹는다.,라멘,피자,사시미
31,31,10-6-2018 15:33:00,이영건,남자,24,집에서 음식을 해 먹는다.,계란밥,,고기
32,32,10-6-2018 15:35:04,이윤학,남자,21,밖에서 사 먹는다.,컵밥이 제일 편해용,파스타용,치맥이용
33,33,10-6-2018 15:35:05,박상혁,남자,23,밖에서 사 먹는다.,컵밥,,딱히 정해진건없음 인원수따라다름
34,34,10-6-2018 15:35:08,박주영,남자,20,밖에서 사 먹는다.,회덮밥,,치킨
35,35,10-6-2018 15:35:16,손민경,여자,20,밖에서 사 먹는다.,샌드위치,돈부리,치킨
36,36,10-6-2018 15:35:57,이상원,남자,25,배달을 시킨다.,김밥,떡볶이,치킨
37,37,10-6-2018 15:36:04,주해람,여자,18,밖에서 사 먹는다.,백반,백반,곱창
38,38,10-6-2018 15:36:43,김도현,남자,20,밖에서 사 먹는다.,컵밥,일본식 덮밥,닭갈비
39,39,10-6-2018 15:37:39,이병학,남자,58,집에서 음식을 해 먹는다.,계란,커피,고기
40,40,10-6-2018 15:37:44,정동언,남자,21,집에서 음식을 해 먹는다.,제육,,각종구이
41,41,10-6-2018 15:37:48,김미영,여자,56,집에서 음식을 해 먹는다.,밥과국,파스타,한식
42,42,10-6-2018 15:39:11,박승현,여자,22,배달을 시킨다.,치킨,,파스타
43,43,10-6-2018 15:39:28,전호진,남자,20,밖에서 사 먹는다.,규동,,삼겹살
44,44,10-6-2018 15:39:29,장태영,남자,23,밖에서 사 먹는다.,"칼국수, 간단한 밥종류",피자,회
45,45,10-6-2018 15:40:10,혼즈베,남자,30,집에서 음식을 해 먹는다.,찌개,양식,고기
46,46,10-6-2018 15:41:51,강재현,남자,22,집에서 음식을 해 먹는다.,계란볶음밥...,케이크...................,팝콘(기본 안주)
47,47,10-6-2018 15:42:28,박혜은,여자,21,배달을 시킨다.,컵밥,샤브샤브,분식
48,48,10-6-2018 15:43:53,남궁주홍,남자,24,집에서 음식을 해 먹는다.,볶음밥,,고기류
49,49,10-6-2018 15:44:15,김병기,남자,24,집에서 음식을 해 먹는다.,라면,김치찌개,삼겹살
50,50,10-6-2018 15:45:07,아소카,남자,40,집에서 음식을 해 먹는다.,라면,쌀국수,삼겹살
51,51,10-6-2018 15:45:44,아무개,남자,38,배달을 시킨다.,햄버거,스테이크,치킨
52,52,10-6-2018 15:45:53,윤재남,남자,21,밖에서 사 먹는다.,라면이요,데이트를 즐겨 하고 싶습니다.,일미요
53,53,10-6-2018 15:45:57,김경숙,여자,48,집에서 음식을 해 먹는다.,라면,샤브샤브,칼국수
54,54,10-6-2018 15:46:22,고건우,남자,23,밖에서 사 먹는다.,제육볶음,파스타,치킨
55,55,10-6-2018 15:46:26,강형구,남자,25,집에서 음식을 해 먹는다.,볶음밥종류,여자친구의 선택.,고기
56,56,10-6-2018 15:46:33,박우빈,남자,22,밖에서 사 먹는다.,컵밥,파스타,삼겹살
57,57,10-6-2018 15:48:24,고동영이특별히해드립니다,남자,24,밖에서 사 먹는다.,최근에 무대뽀 사서 친구 자취방에서 먹었어요,데이트를 안해봤어요 하...,치킨이나 핫도그요!
58,58,10-6-2018 15:48:57,신정호,남자,22,밖에서 사 먹는다.,주먹밥,여자친구가 좋아하는 것,고기
59,59,10-6-2018 15:49:20,최인욱,남자,25,배달을 시킨다.,집에서 짜장면,,치킨
60,60,10-6-2018 15:49:24,이보희,여자,21,밖에서 사 먹는다.,햄버거,스파게티,고기
61,61,10-6-2018 15:49:30,김희량,여자,22,밖에서 사 먹는다.,김밥,분식,짜장면
62,62,10-6-2018 15:50:11,오승재,남자,21,밖에서 사 먹는다.,브리또,ㅠㅠ,고기
63,63,10-6-2018 15:50:56,임은일,여자,23,밖에서 사 먹는다.,서브웨이,파스타 ,고기
64,64,10-6-2018 15:51:34,주다은,여자,19,밖에서 사 먹는다.,샌드위치,,피자
65,65,10-6-2018 15:52:21,최지혜,여자,22,집에서 음식을 해 먹는다.,한식,이탈리안,이탈리안
66,66,10-6-2018 15:52:25,장윤희,여자,20,배달을 시킨다.,게장,초밥,치킨
67,67,10-6-2018 15:52:27,김민주,여자,19,밖에서 사 먹는다.,면류,양식,일식
68,68,10-6-2018 15:53:59,정현수,여자,18,밖에서 사 먹는다.,돈부리,파스타,닭갈비
69,69,10-6-2018 15:54:16,김태경,여자,20,밖에서 사 먹는다.,컵밥,,고기
70,70,10-6-2018 15:54:35,경도은,여자,21,밖에서 사 먹는다.,햄버거,모태.........음음,고기
71,71,10-6-2018 15:55:33,서수민,여자,23,밖에서 사 먹는다.,쌀국수,비빔밥,파스타
72,72,10-6-2018 15:55:55,최덕준,남자,23,집에서 음식을 해 먹는다.,카레,파스타,닭
73,73,10-6-2018 15:56:53,김수아,여자,21,밖에서 사 먹는다.,김밥,,고기
74,74,10-6-2018 15:57:13,강은영,여자,22,배달을 시킨다.,라면,,닭갈비
75,75,10-6-2018 15:57:15,김동현,남자,23,집에서 음식을 해 먹는다.,볶음밥,한정식,닭
76,76,10-6-2018 15:57:22,박장명,남자,51,밖에서 사 먹는다.,김밥에 라면,샤브샤브,갈매기살
77,77,10-6-2018 15:57:34,성세이,여자,18,밖에서 사 먹는다.,쌀국수,파스타,삼겹살
78,78,10-6-2018 15:58:08,최덕,여자,20,집에서 음식을 해 먹는다.,컵라면,,곱창
79,79,10-6-2018 15:58:25,마밈,남자,23,밖에서 사 먹는다.,브리또,파스타,치킨
80,80,10-6-2018 15:59:03,송준범,남자,18,밖에서 사 먹는다.,학식,,닭갈비
81,81,10-6-2018 16:01:59,최지은,여자,23,배달을 시킨다.,떡볶이,파스타,즉석떡볶이
82,82,10-6-2018 16:02:52,문가영,여자,24,집에서 음식을 해 먹는다.,라면,초밥,치킨
83,83,10-6-2018 16:03:22,Aaa,남자,32,집에서 음식을 해 먹는다.,된장찌개 ,스파게티,삼겹살
84,84,10-6-2018 16:03:38,박용환,남자,21,배달을 시킨다.,컵밥,데이트 안해봐서 몰라요ㅜㅜ,닭갈비
85,85,10-6-2018 16:04:05,정민주,여자,21,밖에서 사 먹는다.,햄버거,파스타,엽기떡볶이
86,86,10-6-2018 16:04:16,곽정윤,여자,22,밖에서 사 먹는다.,분식류,파스타,고기
87,87,10-6-2018 16:05:56,최민우,남자,20,배달을 시킨다.,치킨,ㅠ,짜장면
88,88,10-6-2018 16:07:07,선은채,여자,21,밖에서 사 먹는다.,인도커리,,치킨
89,89,10-6-2018 16:09:01,최동규,남자,22,밖에서 사 먹는다.,공대식당,애인이 있는지부터 물어보는게 예의 아닌가요,친구가 있는지부터 물어보는게 예의 아닌가요
90,90,10-6-2018 16:09:53,강민석,남자,25,집에서 음식을 해 먹는다.,샌드위치,피자,삼겹살
91,91,10-6-2018 16:11:00,정진주,여자,21,배달을 시킨다.,샌드위치,파스타,치킨
92,92,10-6-2018 16:12:26,들국화,남자,25,밖에서 사 먹는다.,돈가스,떡볶이,고기
93,93,10-6-2018 16:12:36,이성태,남자,20,밖에서 사 먹는다.,햄버거,싸우자,고기고기
94,94,10-6-2018 16:12:56,강서영,여자,21,집에서 음식을 해 먹는다.,컵밥,떡볶이,떡볶이
95,95,10-6-2018 16:13:13,박준규,남자,24,배달을 시킨다.,돈까스,치킨,돈까스
96,96,10-6-2018 16:13:35,김승현,남자,23,밖에서 사 먹는다.,밥 종류,파스타,삼겹살
97,97,10-6-2018 16:14:58,조문희,여자,23,배달을 시킨다.,쌀국수,일식,초밥
98,98,10-6-2018 16:15:29,김현이,여자,24,밖에서 사 먹는다.,샌드위치,,파스타
99,99,10-6-2018 16:19:09,김승연,여자,22,집에서 음식을 해 먹는다.,볶음우동,,초밥
100,100,10-6-2018 16:21:57,박한영,남자,24,집에서 음식을 해 먹는다.,볶음밥,,삼겹살
101,101,10-6-2018 16:23:13,김진솔,여자,22,배달을 시킨다.,치밥,,고기?
102,102,10-6-2018 16:23:36,김재완,남자,25,배달을 시킨다.,피자,양식,잔치국수
103,103,10-6-2018 16:23:56,이승우,남자,24,배달을 시킨다.,자장면,데이트를 해본적이 없음 썅,치킨
104,104,10-6-2018 16:24:00,김철수,남자,25,밖에서 사 먹는다.,보쌈정식,,치킨
105,105,10-6-2018 16:25:55,박준학,남자,23,밖에서 사 먹는다.,돈까스,함박스테이크,돈까스
106,106,10-6-2018 16:26:04,장경호,남자,48,밖에서 사 먹는다.,소바,,삼겹살
107,107,10-6-2018 16:27:51,김삼돌,남자,48,밖에서 사 먹는다.,짱뽕,닭갈비,닭갈비
108,108,10-6-2018 16:29:33,강서진,여자,21,배달을 시킨다.,컵밥(지지고),양식,고기
109,109,10-6-2018 16:30:18,최지원,여자,19,배달을 시킨다.,햄버거,,파스타
110,110,10-6-2018 16:38:55,박지웅,남자,25,밖에서 사 먹는다.,라멘,초밥,치킨
111,111,10-6-2018 16:39:37,선유림,여자,22,집에서 음식을 해 먹는다.,카레,파스타,고기
112,112,10-6-2018 16:39:37,오승환,남자,24,배달을 시킨다.,피자,파스타,치킨
113,113,10-6-2018 16:40:33,임지윤,여자,22,밖에서 사 먹는다.,백반(학식메뉴에따라다름),,파스타
114,114,10-6-2018 16:43:12,소희진,여자,19,밖에서 사 먹는다.,밥,파스타,샤브샤브
115,115,10-6-2018 16:47:25,이하은,여자,19,집에서 음식을 해 먹는다.,볶음밥,한식,한식
116,116,10-6-2018 16:52:06,이영선,여자,23,밖에서 사 먹는다.,돈부리,,치킨
117,117,10-6-2018 16:52:08,오형진,남자,24,밖에서 사 먹는다.,김밥,잡식,삼겹살
118,118,10-6-2018 16:59:24,이윤호,남자,20,밖에서 사 먹는다.,제육덮밥,제육덮밥,제육덮밥
119,119,10-6-2018 16:59:47,여승빈,남자,23,밖에서 사 먹는다.,밥버거,여자친구가 그날원하는 음식,돈가스
120,120,10-6-2018 17:10:35,정현수,여자,24,밖에서 사 먹는다.,해장국,그날 먹고싶은 음식,나가사키짬뽕탕
121,121,10-6-2018 17:14:57,하예송,여자,20,밖에서 사 먹는다.,컵라면,,삼겹살
122,122,10-6-2018 17:25:38,허재호,남자,20,배달을 시킨다.,치킨,,치킨
123,123,10-6-2018 17:28:19,최지혜,여자,22,집에서 음식을 해 먹는다.,과자,햄버거,삼겹살
124,124,10-6-2018 17:31:11,이현종,남자,26,밖에서 사 먹는다.,찌개류,치킨맥주,치킨맥주
125,125,10-6-2018 17:35:34,김나연,여자,18,집에서 음식을 해 먹는다.,볶음밥,고기,덮밥
126,126,10-6-2018 17:36:05,백지연,여자,21,밖에서 사 먹는다.,컵밥,,치킨
127,127,10-6-2018 17:44:43,이수진,여자,28,밖에서 사 먹는다.,볶음밥,곱창,고기
128,128,10-6-2018 17:58:28,이지인,여자,21,밖에서 사 먹는다.,초밥,데이트를 안 함,족발
129,129,10-6-2018 18:00:01,ㅇㅇ,남자,37,집에서 음식을 해 먹는다.,계란프라이,돈까스,삼겹살
130,130,10-6-2018 18:13:20,손정화,여자,24,집에서 음식을 해 먹는다.,김치볶음밥,파스타,치킨
131,131,10-6-2018 18:13:54,김유미,여자,22,집에서 음식을 해 먹는다.,파스타,,삼겹살
132,132,10-6-2018 18:15:35,심건영,남자,23,집에서 음식을 해 먹는다.,라면,파스타,치킨
133,133,10-6-2018 18:20:12,박진수,남자,19,집에서 음식을 해 먹는다.,백반,...?,햄버거
134,134,10-6-2018 18:34:47,양지현,여자,24,밖에서 사 먹는다.,샌드위치,세계음식,세계음식
135,135,10-6-2018 18:44:51,A,남자,0,밖에서 사 먹는다.,햄버거,,친구가 먹고 싶은거
136,136,10-6-2018 19:48:31,이정화,여자,22,밖에서 사 먹는다.,김밥,피자,고기
137,137,10-6-2018 20:03:02,이호원,남자,52,집에서 음식을 해 먹는다.,라면,,보쌈
138,138,10-6-2018 20:12:23,유임숙,여자,46,집에서 음식을 해 먹는다.,국수,해물탕,한정식
139,139,10-6-2018 21:07:33,박수성,남자,22,밖에서 사 먹는다.,학식,끙...,삼겹살
140,140,10-6-2018 21:23:09,황영은,여자,22,밖에서 사 먹는다.,떡볶이,,감자탕
141,141,10-6-2018 21:50:54,김우영,여자,21,집에서 음식을 해 먹는다.,김밥,,치킨
142,142,10-6-2018 22:11:31,홍광택,남자,32,집에서 음식을 해 먹는다.,라면,곱창,치킨
143,143,10-6-2018 23:19:27,정승연,여자,18,배달을 시킨다.,샌드위치,,엽기떡볶이
144,144,10-6-2018 23:21:09,.,.,20,밖에서 사 먹는다.,"일식(초밥, 돈부리 등)",,고기
145,145,10-6-2018 23:23:29,조희성,남자,20,배달을 시킨다.,햄버거,파스타,고기
146,146,10-6-2018 23:23:55,김채윤,여자,21,집에서 음식을 해 먹는다.,면류,초밥,닭발
147,147,10-7-2018 0:16:36,전시연,여자,19,밖에서 사 먹는다.,샌드위치,,파스타
148,148,10-7-2018 0:21:41,진정운,여자,22,밖에서 사 먹는다.,볶음우동,,고기
149,149,10-7-2018 0:21:51,박유진,여자,19,집에서 음식을 해 먹는다.,라면,파스타,파스타
150,150,10-7-2018 0:30:56,한지호,여자,21,밖에서 사 먹는다.,김치찌개,파스타,족발
151,151,10-7-2018 1:01:08,김지원,여자,21,밖에서 사 먹는다.,쌀국수,애인이 해준 밥 0.<,피자
152,152,10-7-2018 1:18:24,박주희,여자,18,밖에서 사 먹는다.,컵라면,고기,찜닭
153,153,10-7-2018 6:16:04,서진용,남자,22,배달을 시킨다.,햄버거,없다,국밥
154,154,10-7-2018 7:43:34,김지회,남자,21,밖에서 사 먹는다.,라멘,먼저 데이트를 할 사람이 있는지 물어봐주세요...ㅜㅜ,치킨
155,155,10-7-2018 9:38:26,윤여일,남자,22,배달을 시킨다.,치킨,,치킨
156,156,10-7-2018 11:17:28,이지혜,여자,20,집에서 음식을 해 먹는다.,볶음우동,,곱창
157,157,10-8-2018 10:12:49,유남중,남자,25,밖에서 사 먹는다.,학식,일식,가츠동
158,158,10-8-2018 16:31:21,이재윤,여자,22,밖에서 사 먹는다.,된장찌개,파스타,치킨
